{"$schema":"http://schema.management.azure.com/schemas/2015-01-01/deploymentTemplate.json#","contentVersion":"1.0.0.0","parameters":{"factoryName":{"type":"string","metadata":"Data Factory name"},"HttpServer":{"type":"string"},"GenomicsBlobStorage":{"type":"string"}},"variables":{"factoryId":"[concat('Microsoft.DataFactory/factories/', parameters('factoryName'))]"},"resources":[{"name":"[concat(parameters('factoryName'), '/azbasespace-pipeline')]","type":"Microsoft.DataFactory/factories/pipelines","apiVersion":"2018-06-01","properties":{"activities":[{"name":"ForEachDataset","type":"ForEach","dependsOn":[{"activity":"azbasespace API Call","dependencyConditions":["Succeeded"]}],"userProperties":[],"typeProperties":{"items":{"value":"@json(activity('azbasespace API Call').output.Response)","type":"Expression"},"activities":[{"name":"Copy URL Data to Blob","type":"Copy","dependsOn":[],"policy":{"timeout":"7.00:00:00","retry":0,"retryIntervalInSeconds":30,"secureOutput":false,"secureInput":false},"userProperties":[],"typeProperties":{"source":{"type":"BinarySource","storeSettings":{"type":"HttpReadSettings","requestMethod":"GET"},"formatSettings":{"type":"BinaryReadSettings"}},"sink":{"type":"BinarySink","storeSettings":{"type":"AzureBlobStorageWriteSettings"}},"enableStaging":false},"inputs":[{"referenceName":"GenericBinaryData","type":"DatasetReference","parameters":{"dataset_url":{"value":"@item().file_url","type":"Expression"}}}],"outputs":[{"referenceName":"BinaryBlob","type":"DatasetReference","parameters":{"directory_path":{"value":"@concat('project_', item().project_id, '/', item().dataset_id)","type":"Expression"},"file_name":{"value":"@item().file_name","type":"Expression"}}}]}]}},{"name":"azbasespace API Call","type":"WebActivity","dependsOn":[],"policy":{"timeout":"7.00:00:00","retry":0,"retryIntervalInSeconds":30,"secureOutput":false,"secureInput":false},"userProperties":[],"typeProperties":{"url":"https://azbasespaceapi.azurewebsites.net/api/download_links?access_token=94ebf8382fe5400cb74f3053f9485c90&project_ids=66029966,185716545","method":"GET","headers":{}}}],"policy":{"elapsedTimeMetric":{},"cancelAfter":{}},"variables":{"datasets":{"type":"String"}},"annotations":[]},"dependsOn":["[concat(variables('factoryId'), '/datasets/GenericBinaryData')]","[concat(variables('factoryId'), '/datasets/BinaryBlob')]"]},{"name":"[concat(parameters('factoryName'), '/GenericBinaryData')]","type":"Microsoft.DataFactory/factories/datasets","apiVersion":"2018-06-01","properties":{"linkedServiceName":{"referenceName":"[parameters('HttpServer')]","type":"LinkedServiceReference"},"parameters":{"dataset_url":{"type":"string","defaultValue":"@dataset().dataset_url"}},"annotations":[],"type":"Binary","typeProperties":{"location":{"type":"HttpServerLocation"}}},"dependsOn":[]},{"name":"[concat(parameters('factoryName'), '/BinaryBlob')]","type":"Microsoft.DataFactory/factories/datasets","apiVersion":"2018-06-01","properties":{"linkedServiceName":{"referenceName":"[parameters('GenomicsBlobStorage')]","type":"LinkedServiceReference"},"parameters":{"directory_path":{"type":"string"},"file_name":{"type":"string"}},"annotations":[],"type":"Binary","typeProperties":{"location":{"type":"AzureBlobStorageLocation","fileName":{"value":"@dataset().file_name","type":"Expression"},"folderPath":{"value":"@dataset().directory_path","type":"Expression"},"container":"basespacedata"}}},"dependsOn":[]}]}